TDSFU Daily run: Sat Oct 25 11:18:39 UTC 2025 TDSFU
TDSFU Daily run: Sat Oct 25 11:21:46 UTC 2025 TDSFU
TDSFU Daily run: Sun Oct 26 04:32:41 UTC 2025 TDSFU
TDSFU Daily run: Mon Oct 27 04:40:49 UTC 2025 TDSFU
TDSFU Daily run: Tue Oct 28 04:34:13 UTC 2025 TDSFU
TDSFU Daily run: Wed Oct 29 04:38:47 UTC 2025 TDSFU
TDSFU Daily run: Thu Oct 30 04:33:48 UTC 2025 TDSFU
TDSFU Daily run: Fri Oct 31 04:35:56 UTC 2025 TDSFU
TDSFU Daily run: Sat Nov  1 04:31:55 UTC 2025 TDSFU
TDSFU Daily run: Sun Nov  2 04:34:44 UTC 2025 TDSFU
TDSFU Daily run: Mon Nov  3 04:40:23 UTC 2025 TDSFU
TDSFU Daily run: Tue Nov  4 04:34:24 UTC 2025 TDSFU
